Rainfall,Temperature,Humidity,WindSpeed,WaterLevel,SoilMoisture,SeismicActivity,NDVI,DisasterType
339.45425925165824,24.477475778771534,97.10795830259066,37.992174512554286,5.4533389937259376,99.71081617931044,1.1763754499023005,0.908135710885655,Flood
204.1632411989471,27.484120209363926,79.74607016392598,45.59306036700155,7.975957631980071,90.86467494592671,0.6644507517554117,0.5996285715963693,Flood
316.0921542412499,22.068384096607296,100.89111555914772,37.32541446684704,8.540191972277068,75.52747140867872,2.0019566948145977,0.9653314145062333,Flood
353.3654854076808,24.61132012420298,82.71977741530088,13.625119512415393,6.327670953221847,92.739474561505,1.5092189756929315,0.9934217628180853,Flood
261.7443310904011,25.472375771627352,80.62901960435019,16.54012791784087,6.125665148910648,74.95478979487926,0.45760071999370694,0.8376898374563225,Flood
282.4840693004597,32.07714428239197,84.20991458601527,24.6962177151121,9.041628040068991,97.38467190149125,0.8629601227171458,0.6463634399855467,Flood
323.1892619420285,22.250663189408137,75.91490463630026,12.729797337655327,8.934136358078263,84.58038400278235,1.5202907577191744,0.9093630218695511,Flood
286.88773429265206,27.61054785692147,73.10125617798528,16.87769315382226,8.501144518255234,80.5765388443011,0.8186793675134063,0.8460259152610639,Flood
316.1760497106774,27.5307788363712,89.28562708919648,17.04249535926569,5.031115288598311,74.29994796400004,0.26468583989364536,0.6840986405439352,Flood
364.2233415302584,24.07603514496976,74.59673541090444,12.187189540312685,6.192515078725532,85.43221938538456,1.3002315946879501,0.8559607324491264,Flood
327.211506396171,25.898866386788143,96.92851673327647,16.411876424498207,5.120259536240979,59.86180617753328,1.5453865400240425,0.6941892018839052,Flood
198.79369693668494,27.05241969479524,71.56618752370507,29.866633997979676,7.349889055518856,79.40502514870302,0.2704291441774487,0.7453941254163248,Flood
272.63514618312877,21.67855139565787,69.48746394951905,49.5447564035272,9.873941571358513,94.75697301063616,0.4978724265178845,0.9775767769250645,Flood
343.98681328358344,30.45151100378956,82.1002441752508,15.503856017757766,5.8802063703330445,94.30902698641455,0.9641024048141278,0.5883169921195134,Flood
258.24843321380587,30.869282297640975,72.33704581264733,45.7407342818448,8.865331739914327,87.69708383545499,0.5281340457969199,0.7826668243967817,Flood
309.9922287109593,29.494744742758638,72.97018849499291,22.448745502763426,5.381181996417,83.77497780963247,0.0,0.5619680788911312,Flood
219.5014802619154,30.222869008489358,74.13994252778761,39.76369217281743,7.930032486096749,71.2866888183095,0.932915710403918,0.5564447475409336,Flood
383.66624171369966,27.87527241803982,95.80928835795747,6.175727240364757,7.830643175095032,75.40190195883443,2.141371674312462,0.809596207124392,Flood
280.7581821890802,24.89085071619952,78.23169483290994,31.47649859290864,6.929343862690796,63.197381896345334,1.298830139748557,0.8846124015384931,Flood
214.54831504030497,28.64178283876832,67.21674433904178,29.568652355348252,6.722250846987801,86.45343335328822,1.5067805115193535,0.8764129270033422,Flood
179.56424589387544,33.61631089009258,79.13971848748517,13.56989612822105,7.45223502123712,79.14500586951573,1.3424840600563273,0.9373771041951622,Flood
258.8239020471128,34.30311247107547,87.11492742325419,31.308265409487454,6.3771964619809625,97.47761814254311,0.1967986508085562,0.5237864180003557,Flood
292.57912748971455,34.34968025138073,98.83125857310243,44.949075390465765,9.706620270174248,90.07685405178871,1.5701850304770906,0.6650223253743788,Flood
362.1644009148353,30.267518456481728,76.12996741242746,18.549490937768706,8.732306181716783,76.96280240136413,2.0150379305623733,0.6263860188269887,Flood
215.26017367465798,33.34873949789976,69.74775978331319,22.33892677660618,7.922870927991856,93.82120466929273,0.8611461488176444,0.6267914330834954,Flood
349.4327918033582,32.38943496011639,90.24560367165446,11.543648825672355,5.2838494450366404,71.28816573143231,0.0,0.8568425458417335,Flood
220.82079005732496,26.45908330287855,90.38045394550835,31.600953416681726,5.9965485275487005,92.36678239562323,1.4325481902670638,0.8980144559055011,Wildfire
220.5772621878056,20.781809149139082,97.79048518546591,28.657203477682117,6.276393824303137,75.38943923377943,1.5380168761913136,0.9636790533191474,Flood
247.31149054515356,34.460824037076996,68.87152205028075,30.3784306367807,7.922749303957593,58.30674485929175,0.3787698766323674,0.7164578651925324,Flood
392.62694583463343,29.504254517240607,101.22541404631937,42.60733203022479,7.145478886598598,95.4130339571699,0.056017949400839984,0.5379890246257062,Flood
358.5183637505718,31.58043284576169,77.66463787057373,26.431499638384423,8.148677895430913,96.65442739850589,0.9828084918704095,0.7186409663971024,Flood
248.86786384492305,27.74413667684683,85.62881302121329,46.45234291607756,6.975348473813422,76.02670777268756,0.8309130205815869,0.915416063714797,Flood
373.05398179798755,21.236381940700326,70.35745739842959,33.85013670442895,5.885434053386072,93.57713237876447,0.488972978324245,0.6059971352950259,Flood
358.86213934405885,22.968749533273918,77.59599320421215,12.240591270458747,5.345418338399987,61.46314752890332,0.5437052166710833,0.5398583801477069,Flood
187.69645292488988,29.584446583953543,88.87172228037521,30.33256591222169,6.660602824670276,78.89644283026318,1.779086749804875,0.904837185851992,Flood
191.3620146013688,22.57471132858567,79.52263708609901,15.831794423066789,7.690943472488044,71.38947493528437,0.4088698437738192,0.6724912670351778,Flood
304.62847508632905,22.460328263683895,92.15864099158716,14.098081487828473,9.439956244459587,66.36871605778833,1.4078754965957696,0.9737329753108571,Flood
414.7693678278354,31.694555270884734,91.98255697234916,39.71198054704855,8.905437882893704,64.67611528851285,1.1008148901239834,0.7556516488213959,Flood
379.5278967867804,26.92146658757168,86.9074174728668,35.43712669761656,6.183629028306716,65.69591766379504,1.1753013579508078,0.7094132679625279,Flood
227.97759143793306,25.608936714219126,86.66235709526522,22.79584443972494,7.012355356990484,87.92058390618499,0.3760556069416433,0.9431430327974881,Flood
389.5586608338615,27.890924127157994,86.04875881598065,35.112135154387744,9.07534808552022,90.36256292767793,1.3230791221806064,0.8068986026628793,Flood
305.4462413919763,25.61327496301145,93.41075235704683,22.93951540654535,7.971582754043,93.91623821495399,0.11394654131057719,0.8202268889117655,Storm
216.55748499587983,30.197687887741694,75.27162580888056,47.132336042478016,5.160269797812081,96.16793649886367,1.4627703479071026,0.7473728829496017,Flood
350.4662406803005,30.678436521950744,95.78001205838271,17.80663444135569,7.564160702034836,63.81461870482619,1.696193623008917,0.6227622928615713,Flood
296.9215581484462,29.180027239065968,81.69694619861181,26.782623435001874,9.033590968855185,98.20356280781456,0.42120245841170745,0.7712204854764386,Flood
377.8838306168519,19.902267305240528,68.66001804384281,11.022279882628734,8.312257310661279,77.75792251101802,1.3814733306792486,0.8466043891381103,Flood
252.72931888681188,33.51645788416443,94.49841601190315,26.342787115859714,6.531783893895624,72.99962135003224,0.7216914207271246,0.555289162899338,Flood
381.65292711382466,27.086042337277252,83.84097521851263,32.7212988489957,7.646897381952771,96.45858695852414,1.5168664550599833,0.7300839876776012,Flood
287.8393176530165,33.21478988823977,93.4802471780461,45.49728170164629,5.848199046728677,93.0401042303895,1.6370852566653755,0.6058061571703549,Flood
301.5634277474999,29.529933856094377,69.30452646159205,23.089711392168144,8.784168346564462,68.3604090489812,0.9158554249762624,0.7170392187413195,Flood
246.78059276011058,33.4946266965135,92.20638103418511,10.896540516382068,10.109210817023245,93.38790975983204,0.4514676572471878,0.9150238929756426,Flood
203.71902345550203,34.87694971149629,93.08069095765055,36.2559217106925,5.647171966331789,96.40507469682593,0.5177446395423222,0.6196076187885166,Flood
211.7739690410074,31.644585485039784,72.6644053479079,46.02774609206458,7.8925231793882,57.4294263978491,0.17353484264842495,0.5344720354652149,Flood
313.90874773163205,32.37864691875301,77.83474208551671,42.36739741977169,5.213166985732654,91.40706179189513,1.8388233277724764,0.9193978947985508,Flood
328.3206682758806,33.190059714643894,75.22401719578698,18.222230242094895,5.187310282416419,76.27144892368608,1.1840514524153976,0.8427474257840172,Flood
360.86926355112263,20.90025007662407,93.78930101179759,18.34917591877337,6.565714133112201,85.54140722090716,1.8982274854559447,0.8187844594654906,Flood
182.56231852532912,30.36559317300757,72.61406863976862,39.64660508001501,8.40212884460612,65.46105181079622,0.0,0.625118631571382,Flood
379.33274577528795,26.61676893776587,95.21050223960897,35.81539282781451,7.5091627625626485,65.78905919542275,1.6188200856240316,0.6552276152043356,Flood
309.52910914119934,30.117571084370415,91.0393154347056,44.719548090451504,5.754401656201706,79.97195119084064,1.0850358531145525,0.7625586322920725,Flood
216.99204048161607,23.01012650356064,77.91799708377688,19.734406107550566,7.099166271872803,88.94971612474217,0.9851000267126958,0.7311631063695676,Flood
263.9936428145912,22.776844767465498,82.18974741968995,20.474794807736757,5.261360558180626,80.84363490708192,0.6133966809649394,0.6249597720024679,Flood
299.83227319452794,27.694368368450725,84.98674619715906,31.251926731276402,7.882214338531265,71.93790175365433,1.8720181224127588,0.7830582831639721,Flood
271.4512537733331,27.687208464666927,81.71579802206986,23.8249313208859,9.169340605858569,94.8269692209803,1.8281582338843472,0.7743169018080056,Flood
289.4234159506369,33.1310593941953,78.67790822277448,42.89330155476003,7.561258110484839,62.13671999893087,0.0,0.9193129316667441,Flood
176.51928922937356,22.599979984625833,85.9567051327488,18.403018405853945,6.329407944102419,95.07523463266455,0.14369468704987076,0.9656737933383663,Flood
383.36806218146614,24.39648245555821,75.09182692844712,32.1254750840857,5.980426491431752,78.45435751840387,1.671615991205208,1.0089934738160846,Flood
354.6635529456683,22.746008909316437,97.69326024852786,33.20619787895595,6.960568028437828,82.39325266924584,0.0,0.6295681603518871,Wildfire
287.7370203299455,22.095501999786404,72.28507677368007,44.562564015605375,9.727989955777993,81.93872433862543,1.8047430560761288,0.9580141126176653,Flood
214.40067754991742,25.039676419853507,86.51829798111528,17.450293763137154,8.679151190110751,81.76397586223354,1.4179088022523993,0.5975667952268244,Flood
215.00932015368318,34.663018484916336,73.02162352892317,18.822549197846584,6.5749611997709225,78.36089019346845,1.3376255670746666,0.764509166054353,Flood
196.1911119641663,23.034644048940496,99.79241414782778,41.550757325772366,8.377009715437781,85.32155549981695,1.2266366299643565,0.5457324356033417,Flood
264.6338000254873,27.04057381834635,77.4630668105464,42.541025813286154,7.553191347116928,94.02127568936086,2.043440266160244,0.8075637387819634,Flood
390.52218875897415,29.146113414418366,93.02675929242908,24.459818393984513,7.5743193328349285,79.33628852284374,0.05630543265176141,0.7126304404576284,Flood
398.4303295792104,28.491531424700096,73.65914522956848,23.004532337711556,6.167524743637607,68.16145489856336,1.5860079391810877,0.7423930233669294,Flood
266.2900165140107,28.863305639705622,75.22162212498473,23.821026130270027,8.486779482786009,86.54026065454666,2.1078416126503905,0.823362180931278,Flood
282.33001481917637,32.241060038491604,98.83426649932788,40.39000630234112,9.738303440516667,89.84819122254389,1.8354744874359556,0.5842757217256265,Flood
335.66620492774723,25.87674829510526,90.79130467893383,39.35757457833651,9.823530638147815,90.29126747430374,0.21827020568666167,0.8419432607722411,Flood
346.08547999615257,24.862858499668455,70.25798338750185,12.146118271422651,9.178602770377848,82.2773662356325,2.176023124292152,0.6922732375860033,Flood
396.5451722457899,25.506344688172586,99.32422507181299,16.586894431074683,7.840771015806355,87.66638232431926,1.8129460755362388,0.9168111127469679,Flood
180.1048217188872,25.309062952352804,75.64874970246188,17.600669512905913,7.931635237061088,89.7465442344683,2.0243790041248033,0.9683281272062204,Flood
335.89000730485736,34.768124221168314,69.5411433731603,18.642864483316465,7.8113853649163785,95.49268433584172,0.0,0.725716606373021,Flood
337.89640021930404,18.52346078088477,79.71312957244339,44.26056074266523,8.091073506470028,71.32710478447216,1.5516936335112343,0.6862357888390926,Flood
385.6889706440012,25.30685222359094,87.59288153829482,19.078871854701397,6.392893922798238,90.45177132676741,0.673380399449415,0.542523921755397,Flood
252.74713295586218,30.81722744747056,96.10108961894814,53.92576736209707,6.901035185419667,74.09883019430731,0.31527164358905746,0.7370989853024886,Flood
392.38208931359213,29.885846498493166,87.32431892779607,26.65604539799232,9.15327525305858,81.6296090335722,0.19551495611374675,0.69031644461754,Flood
191.67799456082454,23.94620787213186,72.64167674343645,24.915372575036095,7.728881809861105,75.72222352292576,0.959823501975047,0.960363460233697,Flood
334.5500956815788,29.239718929462555,74.76173001124731,47.826710958816086,5.750807825482714,77.98104956539731,1.1425687253854517,0.7222432423632413,Flood
340.3260879408243,28.05124166201012,93.98416471018149,28.092199462701974,6.172849378554937,70.55659310550631,0.37742571059252716,0.991846652627527,Flood
246.93376458602006,28.34356126442754,97.68010675429777,43.42994366345501,7.02154111647129,74.5915591243704,1.8736374770620892,0.8311184813393537,Flood
358.3309697778567,32.989385466427336,96.56993988901114,19.944552171711404,8.011624678384178,58.84551627657294,0.8533020789804675,1.008243505160192,Flood
306.301196946306,26.901726332861312,67.74469579683623,52.25770858232818,5.023314107489564,62.04340739304878,0.6431534850994188,0.514953457424298,Flood
281.7758904576705,27.90325600818822,82.58048335424336,13.620364258938592,5.6461767945628285,78.95589386930101,0.02508224967664803,0.8816616211164814,Landslide
230.8055754987646,24.51606366089666,78.238284620961,30.60532944582538,4.837367650974063,62.84967984793631,2.041628670026564,0.49880673830177397,Flood
290.1701502306471,27.731559143084734,84.55334464036879,25.236791737929618,9.179903878998152,91.70295178410875,0.6481007725955472,0.6724615712932155,Flood
247.73307135938967,27.65936701776492,86.42755711166171,18.495106620650926,6.660029916052278,99.95668092946003,0.11117828152846433,0.7509277844855696,Flood
323.17638357912415,23.597156903710985,70.78528272507728,10.157334579142098,9.3987167112413,60.54565035511134,0.38619332929188893,0.5057467747394769,Flood
201.01870251392234,28.5268079333176,80.00613897697824,31.640420720582124,7.59306189970256,93.12929934222358,0.27640721576532795,0.8994462705725558,Flood
303.371878382758,22.383683889941754,89.80305332670076,43.562435039430184,6.5714566521870115,95.13496907591619,0.4674931628494194,0.812248150914635,Flood
405.6582228086353,27.630120163627517,88.18100241944867,21.179919417277564,8.85890370950737,84.37119311681123,0.8246415856307141,0.6875871906783733,Landslide
259.1781391269733,20.59922698474195,69.20102854591447,22.856695191480966,4.754890801944219,65.64232456989778,1.6251154562987344,0.8416954723421025,Flood
31.289085329243363,40.8684737490735,25.14358132459353,11.789568609090608,0.007579210283961746,4.592644137614016,1.8241969696419256,0.0688687679689031,Drought
43.496153607725404,48.996747479415376,0.0,0.2797422558871402,2.0044408003753182,9.134283766646533,0.1671102584318646,0.27321289036373003,Drought
40.76843966801484,43.699554752777765,19.05470388729744,11.769027383776798,0.14776729192175106,12.699507630360392,0.4905285286440426,0.18376537634049359,Drought
26.684988826543332,35.117799513747734,17.61421155608334,10.103056489289106,1.5747002515481545,2.4688652948815757,0.9774777512488976,0.14430498936515793,Drought
16.733345365873337,45.5357355092694,21.93418694534225,16.68852223089035,1.4510681568732136,15.512328069576892,1.0463164570480459,0.15409410292439926,Storm
4.560328897795039,46.679977304171345,12.73151816609076,14.837030398352237,0.06696261978150392,20.321051636635644,0.5902725276225208,0.28643861081624816,Drought
4.905624152955893,50.593807856082314,3.8436756475083538,5.217853132290886,2.0095745378508245,17.84040449427061,0.6137183600860332,0.10605599728955664,Drought
61.44828047451327,48.143819442288404,12.70762192834044,17.674811219224598,1.2905088189112242,12.43834700951707,1.6551664940733979,0.16548256588893404,Drought
14.584433347339886,48.411080665099654,22.838575960758256,25.46320897679345,0.0,0.3628931391500836,1.4149895035586944,0.0,Drought
67.89282392029342,41.08883714767271,17.77273328415054,26.28887942192669,0.4882670539348709,5.02392025004342,1.201647814691665,0.17963790795614373,Drought
35.61169748511018,43.39035875803106,27.829769720614944,7.627684090879775,0.3081348692867274,11.456636918603861,1.004066795162445,0.05187929658922061,Drought
0.0,43.16298452374854,17.425480419310926,21.03191806597293,0.6884688136601991,2.757783478934929,1.4660659055934884,0.25876544466355017,Drought
9.774866226768124,36.6801199160587,12.610711709787648,17.620639772523553,0.926552302562524,8.64764281290831,0.25246809667025766,0.13595259389570286,Drought
18.13054511789223,44.142694383113,7.07854914759984,0.0,0.48014958657364887,7.966093169822173,0.9898797695867831,0.30196110795290654,Drought
38.01372511588645,51.31930076829152,27.91381543508097,31.139289234466947,0.4105852062854335,6.767784060516536,0.3384014670714,0.16102437456074414,Drought
17.042592689730895,49.743281878551926,17.927164836168817,23.311116140128945,0.5250272045148819,5.65882795404409,0.17436059370601129,0.2659431014192229,Drought
19.990854550834257,44.817302315542385,8.357773481952005,13.875951673844726,0.8545662467138718,17.850044125505764,1.801926127084657,0.00442527115620444,Drought
40.114735801649104,36.958577666117144,26.60472809978646,2.230678438470325,1.0338012928495939,11.339856708839868,0.21583619410915314,0.08583282048673473,Drought
26.05925183420706,38.06840050985653,19.21583035182984,28.989734932058916,1.340035297231605,7.865024015186704,1.2165897636874168,0.08120330757686693,Drought
20.849154471127523,37.6490440484592,27.431955844351844,32.22134454565333,1.8768156191378533,3.7887066462585173,0.8461545452912266,0.13714389348629277,Drought
22.932103209272043,40.364118539750706,0.046218751205034714,3.6511926561398815,2.0842381055470343,12.644176842229495,1.6363664674808787,0.04448551395794972,Drought
24.92351384325666,38.44250749225195,2.2145608875443212,5.195569099881562,0.0,27.190956472174562,0.5714639829175789,0.2072697731534904,Drought
32.09694561481128,40.289513785708515,12.209256701111677,6.536011806705415,2.2856310006788805,15.56018041148289,1.4226463562300586,0.15967633078240182,Drought
10.42199539337442,47.73848261385823,10.109252978950023,3.197977121271027,0.9920529928485781,20.718265487743455,1.4234072883939222,0.22674420706350737,Drought
36.56214985267758,37.589841850360344,29.70166208517131,9.388639490537118,1.229811882772504,2.9516863234428268,2.1890011074368565,0.031715580039510735,Drought
6.5422603834527004,40.05979305765747,11.454768530480028,3.711496065513047,1.046794262271553,7.134903489766454,2.077312207876427,0.12556006874466694,Drought
37.14139737837695,42.526819984299244,17.50617746908733,15.214948345852722,0.7923495918184357,17.456654527666732,1.0445283207276728,0.05370590151536324,Drought
36.68912164762637,46.91951699830807,4.315648529807401,12.447817315135056,2.1334747781162804,16.78679239279327,2.019730664915075,0.1592793036649357,Drought
54.883308527065786,40.88748090774929,28.151104623716968,8.576498076384212,1.6009405831783572,8.611563981536328,0.7661497346964273,0.2255408088727762,Drought
22.109249850442147,49.36364345226325,11.285169827835107,22.056581597510636,0.4021000541959615,8.712358593487886,0.591641985256704,0.03268644419986378,Drought
0.0,46.1292873143778,21.814399755155222,16.121981748237115,0.42056493733338823,6.111409728294021,0.31664980950640487,0.18342586482331408,Drought
58.489614913564424,38.338914390535976,19.500219630811657,1.349819579094377,0.7975765774880293,1.6398094959009928,0.8907016618218642,0.2370297998616582,Drought
37.799487944386385,39.241121835025076,13.690258471197966,22.037812189524974,1.5893404319561644,9.225868025686998,0.26977614695228413,0.16302289957246038,Drought
34.831600733635085,50.84080514251279,9.551222390474265,19.318473727946802,0.11851233341081269,2.9590822170575235,1.4595753387416392,0.14150208751391627,Drought
20.073585523978547,48.69163999350403,22.37202950351498,7.4745435788678005,1.0898730544163762,9.476873681304557,1.367770225346449,0.13305866470897543,Drought
13.01768736768882,48.760696645099614,24.136884471278076,29.544602904503215,1.9825466870097366,15.967254037572895,1.3886293475838853,0.2303281782317063,Drought
32.05262865519451,43.17106649832943,8.620131735648933,18.28835839382225,0.7581582253027361,0.49059988269653054,1.4414069379735275,0.13740264553157874,Drought
24.208221095986644,47.399354908265806,26.425801770903508,10.015327045274024,0.1312233058703564,4.278990039992653,1.476547704562202,0.21755191226459147,Drought
17.818663461045166,45.98437936629263,0.0,8.046397764665192,2.2376956888926536,0.0,0.25900113781449785,0.14016780486988173,Drought
28.756667622746885,49.988606950185286,24.501569878318215,0.0,0.23372451058212668,18.374957894021957,0.5259705558111927,0.28548627886654804,Drought
29.165752629861252,37.788088081735125,28.01209998923258,5.502542179796505,0.7613801147802328,14.545115600163504,0.9572088851340449,0.267795247948292,Drought
36.43396047881868,49.08576176026837,29.288350504450733,15.91125625056811,0.15773091913146492,12.775763041666195,1.7695822703270203,0.07538365375615624,Drought
24.533601359829294,41.78636515483975,1.0345369292785134,25.50429734784148,0.0,15.381186187690705,1.4196665268494857,0.19836728796686479,Drought
13.810024341974465,39.857707326777394,21.852536345287984,20.555982158635587,0.9169939391053897,18.91109035973624,0.4221834161088751,0.23095685999904947,Drought
9.296085382014123,38.342231693232115,15.511857754453503,2.635858368997089,0.43861725179827915,0.0,0.798820701000543,0.21553489460025188,Drought
12.612645173953302,44.127331009337325,21.653036390754426,1.2274660191158473,0.1146057241843752,18.990700780721003,1.6235444194790045,0.22989640993410781,Drought
42.780749743599934,37.60489951058254,15.53237744540039,23.482990707592172,0.16212390974399682,20.925069630172235,0.6539507884727338,0.20800478562558491,Drought
40.33636538827537,41.376149525881964,10.01503363473601,9.694131591414825,1.6267950792890205,5.674710752341458,0.15952729409950905,0.0878061375636834,Drought
13.25399157866264,47.02201740078969,12.351522674984597,30.535662602929747,0.9154694611600236,15.724359427280763,1.004561747703564,0.13403969187533787,Drought
42.050390147427024,49.15141630691606,17.66245950725625,3.027818199711822,0.3189171871089716,19.161573724501615,0.7511374230756878,0.1931545717196726,Drought
29.416885347149623,42.212424127201004,24.931078133314386,22.378898292266722,0.1711885117596364,0.0,1.6896045201287226,0.16128547114908,Drought
6.884414684742029,42.58567793865772,22.8194537387223,29.93045952494078,0.9969837562688392,8.847914405737027,0.43845324414335535,0.14807987264848413,Drought
4.460206925765402,42.598382281534015,22.274533242586653,5.092910570514629,0.0,0.0,1.7777577535907052,0.16767791485272765,Drought
13.808871063423627,48.19597599888041,15.636041030372569,12.226802785554153,1.751721350611633,6.914271559128553,0.14045868452002241,0.22549890122112942,Drought
0.4440078393875009,46.93803677351623,10.341594071903579,0.0,0.2996854544054446,10.867180075732719,0.0,0.013547740026428438,Drought
39.09616092048275,40.54993786071873,10.122039381098372,1.7719500708742433,0.6220236202475043,5.048489442891289,1.4517244097749156,0.0626096190590987,Drought
43.4428674087283,49.24617351156429,0.0,6.17085077713598,0.0,10.897926212394383,0.0,0.28432921896683155,Drought
41.92470136331673,47.547591358659574,21.656429412099826,30.80401993789291,0.0,6.167224110350798,0.7122388453383796,0.27304277301846136,Drought
33.88586798586799,46.92989997532039,11.463146950158833,26.58709972858567,0.6107409350049038,8.964179860114164,2.141615044150134,0.13718186412939323,Drought
20.469187283817934,42.53537507343818,5.690822563719622,6.5986676250337535,0.36344793077596904,0.0,2.1851277140231673,0.1808017675964012,Drought
0.0,41.67399985381276,7.718595713031236,21.4183408955746,1.850885110374464,17.013394611241853,1.0080165207086005,0.07590712562877763,Drought
20.29322769879424,42.51031120829945,16.586491962803045,19.406265775534603,1.3601508807128775,4.700993986544998,0.9675205515499588,0.16922710963509052,Drought
0.0,39.459250288163354,21.523623722538904,7.364843036612111,0.6570676546788494,8.44360912024145,1.6999755640549057,0.10474049605236231,Drought
40.12190529745075,47.457594482577605,13.926126771984622,17.303177825000482,0.0,17.143172766948783,1.072388433867687,0.32424914419673184,Drought
39.78905735659451,34.827397521388214,3.5033572346133726,22.252165471669063,0.958103141357076,0.0,1.3187955727988978,0.2832387011749901,Drought
33.621651721693084,42.035893549560846,8.77414298425793,25.030221523231493,0.46562264212002435,18.33871729270014,1.3170072974447273,0.174992687687349,Drought
15.92640745449492,36.879403054413714,23.737528684498702,13.19151237540329,0.7098239909596109,21.981370642898135,1.7861323952944135,0.25169284965098254,Storm
14.910963088865437,43.965510769135506,26.29061447946151,12.962834549902773,0.050797492711888714,14.917912110473214,0.8104573532990389,0.12691345402584653,Drought
32.831426803171695,44.75882792959533,9.203162697796362,9.946779883299909,0.43108779543593245,0.0,1.9442435777261164,0.24062699921027228,Drought
16.350738270856255,40.90381196663992,24.878191243886825,0.0,0.5654494008100366,8.560268755465003,1.9912644634395333,0.0681852566684176,Drought
40.2455810109041,40.81388872930527,24.649159327220513,4.3810771223260545,1.1105320302529973,7.8547259422687725,0.6617763784387054,0.026403627149366005,Wildfire
1.7021922426701215,40.18467207875098,1.9671305743797274,27.415694755631968,0.7880516367527487,16.142423491172217,2.1785663211334416,0.010909377195690486,Drought
37.01202488766405,48.433945829769876,17.247836576387684,11.278844663592098,0.6401292846404486,0.0,0.9238393044299937,0.31510307155023026,Drought
43.77102989622853,35.68185983142655,19.49677334127982,15.620908557355436,1.9295608784366463,0.0,1.8075501781906338,0.2679288893490651,Drought
16.815790242471707,35.25158711157479,26.112886998891838,8.965343692249618,1.2123278224626415,15.472399665476795,0.8866003447334121,0.07716264082861325,Drought
34.371395186597276,35.983470636995435,25.505038140661775,10.474722910454222,0.7263217145161103,6.70588297105346,1.7381797454173504,0.0015031599485023223,Drought
37.51728296544732,46.7814249024945,26.43336889010969,24.3817153915252,1.5615993120001217,16.16874869774444,0.7118911715644312,0.21100772626450864,Drought
43.28088679485571,43.28135625944824,24.326832783046186,32.090652102581906,1.436801265364848,6.910796523261356,0.5654609046239633,0.0807813986105535,Drought
16.00141777126535,40.90722712656964,4.83497086737958,2.275512802566854,1.4451037395249489,7.771607842896431,2.0991577342305052,0.20785803312623757,Drought
24.30622427534487,37.27457298782422,11.779128976097322,27.30259064352472,0.2711735303806333,11.129969110449014,2.184286936053614,0.3100041785291293,Drought
6.442861786896188,36.29249749092102,2.9148128287707324,0.0,0.6327897595980364,8.741796973639012,1.7864306472407798,0.19513661149587497,Drought
31.996655028202664,38.43906838902002,25.1339142077232,24.885035199125312,1.8293511614294373,13.822919747338911,0.7573709559338503,0.0037688320611587757,Drought
13.627680535037573,42.0102888491292,31.201357675598654,6.655094438260371,1.2606259785608886,7.507689820253086,0.0,0.0755966289093383,Drought
24.449617102518104,44.82859040513509,15.309394765037403,11.883087250401914,1.4408995825620015,3.115626774813028,1.929211743249987,0.01597143105212647,Drought
0.0,40.362244400543176,17.331269424740466,15.687740376707389,1.021365485539723,20.620251451721295,0.7445799284094877,0.20566831529052979,Drought
12.344610159295916,35.46406265727176,22.076899767558942,3.122517504377143,1.2174124227243346,5.587476771338443,1.3890393538193653,0.13980204578997066,Drought
56.643288734859084,42.12376671522325,0.0,26.771959956099593,1.2662292262644614,11.433013123654124,0.9759108711605398,0.15724082335692116,Drought
39.21747104598701,43.66088076106093,9.955486926572135,16.941185968609606,1.934191030265254,16.45113629052697,0.5179725077669909,0.08142141004360157,Landslide
37.0336015800311,43.227024169015024,19.033093572001757,10.713895192126149,0.20056816471435532,17.47391563327736,0.22729089973699856,0.03893829380285122,Drought
47.92752313685154,45.41681235006366,28.170076784297336,7.648544885722102,0.049512731822875744,16.294913729843078,0.29389325730186855,0.039944932867328906,Drought
19.96332313737904,40.95162757415645,30.979571724826386,21.523737302495746,1.789916506901757,4.496658296691845,0.8871533369751954,0.15403494048588165,Drought
15.051060496541844,39.87124301015124,10.136239628736122,0.45700531194163085,1.1245528409708982,16.252128047686682,0.08139527721345763,0.18225219187284536,Drought
48.39930615772232,46.02681888170117,22.687422998233515,13.6744106435255,1.596331802856246,4.0431123067703485,0.6370465921301999,0.05555910068212011,Drought
13.451584447825784,40.90443185040124,9.265383590481786,24.30466364872241,0.2956688098437471,7.493594605054128,0.14220727281580456,0.14001152102002598,Drought
16.512116057958817,38.94346253854286,14.871525219223926,26.450383959700517,1.9371869335047092,15.237275449156332,1.2304997477766653,0.25079103234225636,Wildfire
51.58410804951892,43.89344094890988,26.03418096237512,24.047652364235397,1.7176079332827194,11.397691477749902,0.3989594461903893,0.041124132458479866,Flood
22.12282051790612,42.29729203923471,11.76658455627868,16.062583353726772,1.393722609264037,18.75854322576517,0.43829309433903135,0.07447277186931424,Drought
27.697913549619336,47.79651697505546,31.409548896309406,21.50141218696644,2.114965136381275,10.676837430859742,0.6805151132517342,0.07274824971867072,Drought
35.386415348191825,49.915779134973455,10.041132137759584,21.078848453523637,0.6787755986442503,7.558736674755771,0.3793598659979779,0.09307147009224191,Storm
29.32933570349368,40.479038696352866,28.260157015397674,24.741210970459296,0.21095349825589968,8.456394410949583,1.5622705293563774,0.05731613021734527,Drought
17.151702519834675,31.906739331118295,13.222496175611587,67.51238068402814,0.15491213902131507,2.414342909331608,1.6329749870287182,0.07127264672944013,Wildfire
4.04857477532536,38.04269304588933,4.59615409250058,71.85983470110709,1.9331708784150452,4.806478170411283,2.2180858911339185,0.020054600943833698,Wildfire
0.0,38.4468985994992,17.045765726928998,20.24862047521562,0.2643961114324702,5.632174466326216,1.4269903211209805,0.01799612843824444,Wildfire
21.054412208020402,42.52753798933823,9.602639587917281,28.889727877888312,0.6971581209092257,4.985328852520624,1.1162862108857303,0.1479712215775987,Wildfire
37.38342242856639,38.784159956351736,25.3699913872163,42.57100244704836,0.9980163408427195,9.535084217798877,0.5130947505099874,0.17903331592108984,Wildfire
41.47054482551606,31.321336777756777,9.368671226146322,31.896717555176256,0.30587231043716634,3.3354123619643468,0.8390457596497387,0.15264744236475847,Wildfire
36.04461706263196,43.175349825943,3.872577348593604,37.410573837631944,0.8776219241252726,1.309921147099009,1.2812145420112047,0.08661665786252176,Wildfire
11.548749778117074,43.349023977476975,10.915469923920003,20.866921409893905,0.3118711802259646,4.087596110933666,1.7543015031889169,0.07920097993996425,Wildfire
1.9716362165947174,44.15924495048029,30.09961086271293,35.5022171212982,0.43689740335754224,10.808294195224121,0.7558510983611958,0.16248015511657243,Wildfire
35.15689850479897,31.60847891869059,15.345347407100455,78.00725776241538,1.397878400323668,2.690548162717553,1.0791770663077354,0.11834996434622401,Wildfire
51.09073685607874,42.44546476543454,20.278818400641335,42.80972949327933,0.15820039289980498,6.398007652361815,1.0776924027462635,0.07294000751892077,Wildfire
22.43154776114057,33.802187415497,19.03553256228571,72.34796497049186,0.47052852169790005,14.470512452070253,1.5210388187315589,0.05140829272185559,Landslide
8.215133894876285,40.66929284338321,15.795424707231343,66.54662177922424,2.383880833897499,16.23278848285288,0.3982236466186651,0.12125060102021147,Wildfire
21.858241808987657,45.290821716372655,5.3062061075087215,44.69262191179276,1.861609283442732,6.478278010440182,1.44325454385667,0.054553358570336746,Wildfire
37.36693148371867,42.69805411678399,7.981288951703145,69.15312170261353,0.6714884588048204,13.543445652872897,1.2591168999161808,0.18240563046299943,Wildfire
2.208839366991265,34.08434974532018,15.403490954417986,56.03794487242424,0.5768642407823699,3.3940083564923396,0.48906776315287726,0.13071023709322732,Storm
0.0,35.683476186831854,23.28619899806906,16.0270893023482,1.317744066554855,5.408766297083938,1.643564938375239,0.16867926378505396,Wildfire
30.527002859807034,33.74467486949142,11.261348338185996,68.50315060795741,0.16032496144949193,0.0,0.5176813293604301,0.1353868111913616,Wildfire
6.299950531497842,38.77989895480961,23.10479379364171,47.345571754012454,0.4165289005378937,1.0973093531137001,1.4365205950567754,0.039298219712449435,Wildfire
6.057370524547121,41.237167335698054,5.991191197049869,57.21509941863928,0.05826566842897668,14.46255336355545,1.8727473342399936,0.22159743186418163,Wildfire
24.84679600793227,33.531441752300424,0.0,26.969283598523045,0.7500691188651033,4.204737923824116,2.205241598861506,0.01343150384581571,Wildfire
0.0,42.93438857335311,14.346997363359758,66.18044314226353,1.5623296695620792,13.706782291151242,1.0702101015392493,0.10303881320966679,Wildfire
29.21148527507545,36.72979249145857,6.363349228459368,50.8029396226015,0.6022402304884842,12.575702133891191,0.14941551643602202,0.07468823196081734,Wildfire
24.390098837401,43.40426152113373,13.999955128984892,63.24437647104737,1.5915812735483459,0.0,1.4370883649701238,0.005115812316938688,Wildfire
19.842472898999617,41.15478429466954,22.085451806223155,42.35056602999514,0.9753839637639731,2.131884309398206,1.1573009007160713,0.12728841666684118,Wildfire
12.258695909704787,40.40050368369912,7.712402066304307,57.41158951296143,0.9125065202510367,14.865888940763764,0.21584544012674667,0.1360217293540175,Wildfire
15.822248948057556,31.01464385269682,5.159240894845609,49.58084399652765,1.7150339174390774,2.357695101693003,1.541704893433699,0.08419147700954005,Wildfire
10.06145471501899,36.4240022564461,7.752935555105406,55.266097423005,1.7697385832861032,6.379218251913354,0.5949932063715495,0.12869255570219895,Wildfire
20.981944139840703,31.130462884890434,20.578510407606686,49.24845752952907,1.7844618460086465,4.465654511682651,1.0398438328267854,0.2079893026302558,Drought
24.955520426746297,33.042386169442594,3.3137926413937793,24.995483839046912,0.17322231004655506,11.779620042551592,1.3090990500237951,0.1577513788353044,Wildfire
1.314680526470052,37.36129494752087,2.306898941648985,76.3890124229104,0.040785166506830894,6.323965159420542,0.4615630469625973,0.13997212954928204,Wildfire
0.0,39.396453444485715,10.032540576356542,76.15225413280997,1.2604889998906883,13.76422653119386,1.9066148138384285,0.24475318369841645,Wildfire
0.0,34.680314798976994,10.40172603869633,35.38340539956704,0.7370828876448743,10.128190367484454,1.974999063058128,0.062157599133894306,Wildfire
10.40545421560109,44.019546398210814,25.292092862364555,27.695111236562802,0.6442488629593325,6.038113320407449,1.0204053439049532,0.11276337215807872,Wildfire
44.147670305276634,44.89946807857067,24.370571620350347,75.48696657180778,0.7954733916678107,5.252087017795062,1.0588687682991882,0.15265346659661172,Wildfire
17.34208784201652,39.32708200352439,16.711252230424723,65.70312253598638,0.7503971734516113,3.4010956462989497,0.23072337740633,0.07448292715283569,Wildfire
27.060452187051446,36.87034375588814,11.273509480011185,65.03992144887995,1.1564149277578462,3.8686346449848776,0.5639502955444289,0.03387482267240587,Wildfire
5.286045476245084,34.326370307642996,4.851112347718715,27.110851132545076,0.6466840829687678,2.430475467242128,1.7047401519048457,0.03256357188967469,Wildfire
19.798224526670886,35.764881139505185,11.83032753644156,23.499225730266815,1.8065763728661777,17.373385200333217,0.0,0.018043043873748103,Wildfire
2.238048660183175,38.50025102346688,0.0,30.50772163764559,1.6730091025205454,10.580413826969876,1.177142728674033,0.205402415933208,Wildfire
18.55985321681784,35.58456116862998,13.295602829892273,48.09976692537789,0.34847119281508326,0.20353173527368212,0.6064423817154189,0.14302905791555154,Wildfire
13.448162677896848,36.961352076913556,14.720378635773354,55.88592671753373,1.4290181187823487,11.628061844356392,1.539968862182602,0.011499905593571011,Wildfire
5.310331544558123,38.93333786757155,12.243939591059377,28.788173818002452,0.9048387725988707,14.194534947959214,1.0278287931796086,0.012867662955076773,Wildfire
36.5903696928112,44.5781539864465,4.76816989245881,83.97779574783173,0.0,12.336551424885034,1.792346208583895,0.0,Wildfire
15.01850145964291,45.114418461559325,22.070920997611687,74.0614228465738,0.5354022236371945,5.238732504475792,1.601552719004134,0.1873884431952525,Wildfire
20.053649642563894,35.344872410076704,13.470085546482276,24.06372230936259,1.6126882047277888,0.0,1.5989412509810812,0.14540823568317687,Wildfire
12.68759444175411,38.83463506262987,9.940376326849673,78.21504607881553,1.253825088673857,0.0,0.7771341844484417,0.005082919193995887,Wildfire
14.944112726970415,44.8931562142073,17.468131686455465,37.110737269190366,1.9104124123261808,5.490065748994279,1.52017093856759,0.04736831574970606,Wildfire
35.25710293768701,44.22272031653615,8.86400311788707,59.3325127504342,1.7903189886196025,0.0,0.13811349995723582,0.10148311091242358,Wildfire
19.828201293437253,31.50573220253318,16.646075508980005,63.551240468669434,0.4955823640731365,0.0,1.777990006770934,0.03831174909260085,Wildfire
17.87105485124039,36.9142695684727,24.588769038972874,54.29100031585634,0.11513865651989205,19.416767802934316,1.6255495697399098,0.013474173715165886,Wildfire
0.0,39.660898439055266,3.9874684327005667,41.9644562775475,0.0862762687437666,10.582616214955362,0.591233886882352,0.07752010093602246,Wildfire
18.173791463549946,31.076008584698826,17.905224385216094,39.76598683117703,1.3137787796574083,5.242445258872267,0.5588994771420298,0.045506193716124584,Wildfire
22.049793128197045,35.96210295638984,22.85976402926779,39.526284142909766,1.4359569836408344,9.5467958535842,0.30722763067440856,0.09676419574392406,Wildfire
12.154811267890707,37.35051746147851,0.0,70.44151497747049,1.6101068203511602,3.101708745279531,1.2843957642575574,0.1696490724148006,Wildfire
2.440394972991519,41.355609725246715,13.59440629283288,78.4903174659876,2.0603215974991578,0.0,0.4343788384166206,0.06764453670719991,Wildfire
21.88093433366034,34.36882057760764,26.26440366731121,21.61880279601029,0.7461321954160238,13.642552357040552,0.4549611208153175,0.08387103980938422,Wildfire
9.798157389963759,36.34630407941983,5.05066023535317,19.625385760907363,1.8502207318181603,5.114735476027153,0.954113383049147,0.002454791711286798,Wildfire
4.132453081539104,44.90668511147681,13.263751447388552,77.2988995311173,0.7343761666421095,12.213894746475834,1.974210358198053,0.07624366118887592,Wildfire
0.0,42.809917101879705,2.012257969991972,49.766989804095054,1.954115885287044,5.096592460072653,0.5286401034738256,0.04679315727603145,Wildfire
15.815385423476673,32.523441314451404,14.008230790505111,30.11685936059061,1.7680483989395879,1.5058857021242393,0.8724994164915356,0.11358182213401297,Wildfire
16.400896168510894,35.870298230345284,2.739563790652027,75.35892690359145,0.7427212045689937,0.5552692915372375,1.8573781855852787,0.07108511005483763,Wildfire
24.255311017755172,39.728455541673696,8.798856789752902,36.154915734385824,1.0196854205661052,7.468333956138936,1.4923323941017932,0.19729724779461483,Wildfire
18.39067688021697,40.75532759873875,12.871580266723612,75.29799332278911,0.5983304196695246,0.0,1.1472201831787185,0.12401606622287023,Storm
2.7260129399246193,38.64224212199359,0.8942157194755642,70.66737396332177,0.5842480499079482,0.0,0.35937177744806215,0.06861841014035258,Wildfire
14.479680999200152,30.080864835276277,9.792707668422402,32.905630917492516,1.021823671441271,6.687057709654181,0.4668481974488655,0.0893431558113015,Wildfire
0.0,31.44340659416781,2.2587125586158514,67.4840687119054,1.7941284381229978,8.656583186126934,1.041502350111379,0.07280023772337567,Wildfire
0.0,41.36059224283772,15.014118179477132,68.37062735808345,1.7674051048618102,1.6906558871053043,2.037309580447765,0.17563372478375028,Wildfire
15.104094931326191,42.97945484937013,1.9404448379340717,76.25700720294135,1.2783445179950776,3.825864422231981,1.5770268223958717,0.03229392661635059,Wildfire
17.758177771067587,41.915691390018075,7.937992002983028,65.66012571490256,0.4359100649076433,6.031515186865894,1.3226769754251628,0.0,Wildfire
24.118793341564672,35.45894133413255,9.49712007729963,48.329237746919524,1.9959276807647812,5.5508784188274864,1.8147118538775477,0.08138002073558415,Wildfire
13.495060453962076,38.67196908740004,8.31499955235249,37.43070365329826,1.0666300941844862,10.04384008949863,0.5765461276933301,0.05962020784934102,Wildfire
13.6753147629918,43.55997292895151,7.713886279609312,79.95638782636004,1.5378633249985454,17.116797452536048,1.4641001921497054,0.0,Wildfire
16.542309519159247,31.949705310582704,13.8711238613415,57.20165487848177,0.5046395898019548,17.70483825715788,0.08886031473309744,0.1015725837743407,Wildfire
20.68741075739669,29.591659741447383,17.068817822184986,67.34875584475735,0.0,4.029113072458811,1.1857481882432097,0.15642873019884537,Wildfire
8.016657546092425,43.72034095777825,25.60515980400658,31.62238783997078,0.2181609520599595,7.856322696751398,1.108868692690557,0.12209204155142869,Wildfire
0.34506169355075134,31.19398261693085,22.172139718833723,45.5197886677393,1.9535548916379846,4.027446170442888,1.5137779622525385,0.021540510688128633,Wildfire
0.0,43.95311820104298,24.925216872611628,37.24712370954891,0.8188111328239146,7.73287824338058,0.3829286390224702,0.0037022261845000015,Wildfire
27.802007886933108,34.63275729129927,17.47154319824746,16.45902401648395,0.15555437370148056,11.246347998331364,0.6768661012795194,0.15576956931328445,Wildfire
0.0,43.74700049345262,23.90751318546264,72.30368146247127,0.08478550602551868,3.356930259674095,0.7326585331660859,0.0889785710023519,Wildfire
0.0,30.218548337182103,11.717821277323425,37.01502733456317,0.46053328006192873,2.8599343597902496,0.4722683891780152,0.12292155567084674,Wildfire
20.18142831424457,34.19826987784579,13.1149518553215,69.08603283758784,0.951530000830249,11.073869116622404,2.0228782951616453,0.09926316389396832,Wildfire
23.135926714069402,42.566168220794495,0.0,42.080225241039436,1.4570432643356022,15.922861349957032,0.927347099812339,0.05286629404809218,Wildfire
0.0,32.27124384221144,14.412442822598369,56.22749975310199,1.3690353649278255,15.256216454855384,0.9502605504998805,0.16379005623125406,Wildfire
21.81954615693435,43.447422170932626,20.210620941505354,26.86437187250195,1.4179565133105494,2.890083923996275,1.6627490444634483,0.14442544055459994,Wildfire
5.228090956341017,31.668721306826694,5.750376082895165,59.56678647739535,0.8330281185420538,0.0,2.1218900662665487,0.1789865683266838,Wildfire
0.0,33.95528456855468,22.14468150576536,60.22601978358046,1.6354044489015402,1.3259463377783596,0.4081634780590975,0.00631832171087009,Wildfire
25.26822635732535,31.81024943401582,3.8415750003977585,66.5542389017527,1.761076876935763,8.455192413109437,1.1453721294381953,0.06564936782526304,Flood
1.5961977266334113,35.23527358040366,13.66449938512017,45.64809463467655,1.3302185102071884,15.462082543668442,1.9118976657691298,0.01190168498542243,Wildfire
19.395910270803167,33.77572652916808,12.132450993877207,35.581287625247164,0.5795659838418789,13.07614041022567,1.1805099085559216,0.2159704086285882,Wildfire
0.0,31.874616845161245,10.157004327709027,22.84487900969928,0.14074694710941726,13.892063279332744,0.4568025533425653,0.034312612199993944,Wildfire
27.893251451527256,38.133085253662436,14.109967435498461,41.82376070444706,2.3230594600516428,2.466768112108296,0.7576860859073693,0.12365355491588305,Wildfire
30.699111780592915,34.99320273842546,11.971643120601092,28.597367481433814,0.17901665512574966,0.0,1.3740732337695543,0.04801981875010575,Wildfire
22.90001115926056,30.893889407002877,17.687836365630645,68.6076881491628,0.39525180966159223,0.7187985650275492,0.17431307762057247,0.14222526967474436,Wildfire
0.0,38.510574002138775,11.153893079576715,67.38381695111111,1.1546671089622171,8.549941781156004,2.064573959637227,0.05350519874890288,Wildfire
34.81524939164065,32.89279692408333,16.540232655089802,76.74849270912615,1.6398656922752048,7.067746571011046,0.8045895545095179,0.12723983235129976,Wildfire
16.503826578075557,38.49012618784079,11.353585817368113,44.74510489184503,0.563904400123123,5.276569358149953,0.30138053737296694,0.006512741926762072,Wildfire
22.200282358327815,38.94709487769562,5.793704059799117,60.71662358085045,1.4443488886978346,0.17731314056299663,0.2978430521884912,0.017261546951519314,Wildfire
7.766796343034722,41.60161129069725,21.469810306770526,20.636166801584288,1.498006199710479,2.967901239525766,1.1737197098437364,0.10992937063702563,Wildfire
0.0,30.55428651865046,13.824237633405156,80.64667580984626,0.5625758936497454,3.119274056126761,0.26475039610725226,0.138313749093327,Wildfire
125.472487166472,31.71106445135389,90.06164949029267,142.66130689295062,3.9229365443235964,45.27203863774113,0.8508422782289458,0.44411398425990484,Storm
98.42278477852801,34.63994446693808,88.02408105923264,144.58917798078716,3.003108329044133,59.683925643839686,0.7185353862786479,0.3292974224259134,Storm
86.28296323894101,28.90747836395009,62.56874679635568,152.82850461444787,0.9356162504159244,44.7832263393492,1.651670432576993,0.3315836555094317,Storm
189.72088627939817,33.10557289076295,62.682614320607,120.19304327539784,3.6781765434036493,66.55468961006476,1.7118400708525994,0.6496440782544359,Storm
138.63773321586993,26.213810395292676,87.16803338037901,149.41261225034253,3.643618377334898,66.03001487020992,1.1302727091908948,0.6866936480911732,Storm
213.2173475993424,22.691113712861405,69.74661720920332,106.0518635191579,2.779433887333489,57.61623554146782,0.0,0.4722740856930536,Storm
123.33504344299186,28.224832077583493,87.62433407290601,128.0982957516298,3.1209816508086594,69.73950613496994,1.5680462383504539,0.5542412544857863,Storm
147.14412896381603,20.434867140516687,69.65280288518537,114.52544932663615,4.449049094449682,63.641789837046275,0.21518131616552638,0.5625069762410804,Storm
85.72811147091421,31.911498003632648,90.39839312374555,112.01495684064714,3.315089348250185,44.08686292816382,1.0585957025093995,0.7560428559125476,Drought
173.3282569177873,28.90901645399045,72.2468263713651,58.52231053156248,1.4543861763083337,40.32203264641952,1.0625580152275393,0.7803170666909436,Drought
127.13896864382707,24.87512052293285,69.78146917987748,92.53497492697834,3.9359649271398833,53.169862309364945,1.7877330394140583,0.7169996388241383,Storm
70.0819066726813,29.425885845523535,99.44455468374069,96.49869972880775,1.9702896431089392,75.28594437844744,1.7010773689605387,0.5478494892944299,Storm
152.09766053622556,23.207656416093382,95.78369460026319,99.17248292464255,1.0976325233600859,67.77667806400834,1.8217719973363553,0.7651110339585155,Storm
100.28718636569285,20.7435903775019,100.30185341540813,150.4625465665319,2.966532510288296,53.54153437543678,1.0301715674055358,0.48943603793937357,Storm
74.57184043126955,22.210291219541304,69.6208172839174,133.74638051063584,1.4306376622604187,46.710796479500516,1.1561401924643582,0.3810003242403667,Storm
70.2148855792362,26.60567528535274,75.84791141815947,112.16266773953306,4.786330992914782,33.77762043231999,2.114576533884551,0.7707862957585572,Storm
175.88255992643633,27.91123108062561,86.16994235100688,124.04009825104816,3.7799814097612545,32.35425866060539,1.277764973445407,0.557504725989661,Storm
149.1506927891552,23.43451983664389,55.58972124498822,106.79910207871775,2.660179422263107,56.58855370714167,0.7350198467693063,0.4554265479130492,Storm
119.90556885132631,25.237654756887746,100.20193216242495,77.44272606691688,2.143137019080867,39.93502425582851,1.508920382445322,0.5595639067266621,Storm
153.6359613013959,34.1449669645309,69.20879520533775,124.17286606926997,1.1968860845939315,44.393779394683605,1.1325792155740233,0.32584232962083226,Storm
123.19515751573626,31.25855610548578,87.47606646942721,114.05347109530396,3.284504164665019,54.28984281780267,0.14693149766965014,0.3801758102045327,Storm
149.26516515347365,34.97832945821606,61.57255760254624,110.90034489723543,4.213272628482524,71.75087054225467,1.3619545968425582,0.6445662339455053,Storm
154.7037602385481,33.367374662962106,73.97374325151159,139.53945138204816,1.1867853170504843,71.48353575058817,0.0,0.4037463029499918,Storm
54.83892875465551,26.575684836500503,67.87319691160043,65.46505749216288,3.054233102673202,50.24772934579578,1.5504941849707903,0.7553507955022076,Storm
129.33602240791285,21.427977987145365,65.17868159986106,140.36939415488024,1.5564545718263696,51.21303504089084,2.041682095812203,0.7574739762074001,Storm
89.47295110539201,29.02689434561896,78.60631667901129,133.46885789260656,1.2426074308430897,39.07945306716803,1.5589373389046772,0.35302631361007963,Storm
162.04093942084643,25.499419137057203,88.95546237424767,131.43865236153752,3.3817577765669777,70.51711378794286,0.49914487250536343,0.5351221432633958,Storm
80.83303193302955,32.8868553904766,92.45581675017962,139.12127626854243,4.134802978716548,75.9642856899382,0.37268101450489133,0.7170676824245628,Storm
140.16711324304174,25.38688718748466,75.61353954098718,96.07588989070847,1.7357533618335925,40.71376910426287,0.07277071112407608,0.5416621816497205,Storm
200.84216515565424,28.95056867204051,82.3049763828883,100.58964763913595,2.629970228642967,43.503427446599325,1.6664603571278853,0.43698575946957585,Storm
159.39433773899952,30.438049141696155,82.8027797593524,135.82801628110602,2.0611791664699926,78.90252335964244,1.2095142051161492,0.6943719484081615,Storm
128.20892986778517,31.930205450054217,96.70108221234607,99.06632031056668,4.191171285220761,67.00313997457091,1.025948892797446,0.7785560720932944,Wildfire
105.75119390766649,29.603688573147167,68.19972657613603,80.50575215220739,3.872150829824041,48.87429166970112,0.9803013832191364,0.4142686908748494,Storm
132.6904979165645,32.42673283452781,96.42601909739341,68.07192577218335,3.64553455001421,54.98306750680035,1.5537397413612584,0.5301869517623861,Storm
105.14484318197046,27.55365554748988,85.32946579209832,105.4737517936857,2.879559102865446,74.23186803935751,1.8946974073043201,0.4655074457934909,Storm
166.77465448265687,31.9510008179507,62.313225790692954,113.42705307397578,2.180834043429606,67.59929069758319,0.1620458706614945,0.6665131506385564,Storm
81.69064961930478,27.15121515432915,99.16174027283394,90.11483377634262,4.193303334776284,79.88813371915822,1.970096322359223,0.3856774696537058,Storm
188.99999581433352,21.583659194571812,72.01198917610087,141.24960842914027,3.674283970620156,59.74218369347875,0.5368448255821796,0.6519123668277642,Storm
170.02930757513394,26.412209792146086,103.44221777357352,82.62467104062029,1.5602604270924767,63.857810489958545,1.736841620442867,0.39711087311356225,Storm
67.66031344656516,21.53210889169234,97.43881789193756,82.60890421004366,3.0714173243983107,83.18207732827003,0.19354328017545225,0.5695227919382738,Storm
147.6667899147202,32.713706759775725,74.80908959465174,99.25074909351216,1.9449332892039917,67.46261067670531,1.5259884433347888,0.3393301627830327,Storm
100.5539461473328,34.45476597415571,63.667959140882395,86.82946082506072,3.2270342279223088,46.132533132187824,0.9221063131463272,0.5344612373407788,Storm
99.4007597316184,29.057571736099757,88.78701432016017,110.79147169527755,1.151697375067659,71.3864307927638,0.2709382001698825,0.6695742007239767,Storm
89.71685571945793,31.942302321437232,67.66898017798292,65.68721986496931,3.063434813622747,27.80910785244876,0.7130384969196615,0.6093033264488744,Wildfire
187.65373415396846,20.655903945252554,95.78273615718464,132.306657625859,4.503464013762223,66.83482359980276,1.4851933481300272,0.582341153917204,Storm
141.72415501228772,34.11304117107344,58.16736000843518,77.97335315299816,1.0429026000497548,75.63873621896566,1.262347381111135,0.6297837421257585,Storm
174.46519583099786,35.32790090511287,65.0292424820771,133.28457318313127,4.535625253455331,37.50474920211201,1.5721498161895024,0.457850183213816,Storm
156.94924094469647,27.516470262287818,71.12379922168223,74.7283633621334,0.9923128168477849,32.278710929295784,1.3247019304829066,0.4773166207914385,Storm
74.40685152442094,30.170631303010868,85.08307951265857,110.9373673367758,4.7321828071747625,49.33306070873516,1.4345889813065513,0.3337443502047077,Storm
164.42261765905147,35.51592218142321,100.68504316417312,111.52033597249633,2.721804361787543,45.06312987551397,1.2429408001341131,0.6518355196054384,Storm
203.0964025219953,29.159664489932144,61.27402747908167,116.67187085215008,1.3470621754829148,42.147348638761436,0.5930246976379564,0.6580976109905631,Storm
90.59774868625297,20.97918576320459,62.620782215684386,143.4249226908055,3.9678131739918996,28.678510333345326,0.0,0.5440162672617155,Storm
107.32459724141843,28.989708327329428,83.86467896045636,142.24360402116235,1.9902432487355528,60.58822306730276,0.02468833036471356,0.835072224847813,Storm
217.6606984554328,29.665242509023873,81.20065032010362,79.4368775840053,4.284841698533483,66.43918250527753,0.2334774136723933,0.5231684445058342,Storm
122.74266998132713,32.463313032575904,94.35735230895554,122.40571700985481,3.6447925524323983,45.49357282557561,0.7334218783749185,0.3312353241996137,Storm
172.51055412628085,26.219097044992846,78.0545628115995,82.80136077747527,1.762533541088793,64.68155624663417,0.3944683843225699,0.36321152033768345,Storm
158.90852147959203,27.485409891033026,70.2801622411012,107.22253550270979,3.9221441509643222,50.89197549552673,2.0609036977197235,0.8112669646541172,Storm
140.74435384907642,26.965237227500857,81.81943091207722,100.35577883850743,2.3177804857192608,52.22568282681066,0.358226310710711,0.34207881537062,Storm
97.78076818809862,20.902132461710757,72.34535950946452,111.40554642319884,4.492410811935248,30.7896275169773,0.8933523595626853,0.5718124176843701,Storm
50.56475263527086,25.151468549330474,65.44115229109704,76.47032261163811,2.1917756435434037,56.729622389730906,0.6601263570552369,0.2373018617288658,Storm
75.99066890595962,20.015395881652044,85.03936492363042,90.66679013315544,3.441248664248432,39.379026196053005,0.0,0.8034895599039863,Storm
66.46729215810028,22.5313984890389,69.11715356553148,146.67496374450081,3.192659287359349,59.64888864311305,2.1546428221751097,0.3988114733494361,Storm
202.4444283639036,24.69876951763987,80.57353843504387,92.10300509814394,2.3466574343140683,74.82959160838612,0.40150939416347725,0.8118361434028594,Storm
92.03871591168169,30.098648826345904,96.49689261861221,58.42988809179141,4.5781637311076455,60.234320638164,1.504433732864118,0.3896978005029847,Storm
148.9541924657423,30.76153174731504,79.71287949071167,75.30570532090259,2.336218009189889,75.94725184111583,0.7079355135416358,0.6697411636803274,Storm
203.26675300094251,20.610169295061823,59.192403332853026,117.74169270152746,1.0615631635068945,60.009826730592025,1.7714601894566127,0.5667353539407057,Storm
116.7319202335647,30.35835104303494,80.80176151876643,78.30211158519083,3.5089127994740053,71.90679483040303,1.762276277402867,0.5205296019832643,Storm
102.01290743749394,21.569528022160295,70.49612563383536,60.762488690346025,4.830552400290943,43.993820986385714,1.6940885483330188,0.38060263301974684,Storm
82.95545666009585,24.94672055833089,73.50780712733966,130.3133595746767,4.731452648262209,74.40062661865021,0.40983838403512285,0.7236416017690938,Storm
68.62869038559737,34.24168392505471,83.72698430548758,96.24355785393867,1.4770138223353022,26.326898654080125,0.900086166791416,0.781495098118082,Storm
133.52252385771033,33.953176686673594,64.32011500703369,112.4864434645083,1.968056486104395,54.20961705537393,0.5241836032378281,0.46526918164156555,Storm
138.4152700030132,23.542979909453592,77.67482013817181,116.50862913452227,1.212303379439935,80.71006186272325,1.1309933550623603,0.7270065528634523,Storm
147.32795076373574,30.390226170468534,85.64853830018743,135.26185502872295,3.4091127829131374,48.63007986545793,0.0,0.610542200418025,Storm
73.21727038626439,23.55540145052419,63.37708104867938,112.3633625411872,1.376949031310531,60.503180868799426,1.1783265339110245,0.7143791448293713,Storm
77.23004860889938,28.07167025966877,81.53340087987527,101.08420326784984,3.590368164187181,43.16307530126925,1.8761316823682619,0.3334565932830754,Storm
173.52383909706478,28.21052808950945,72.25103441362045,131.4534749623428,0.8224168884695551,71.88616735629572,1.4280400257859538,0.3385112960996846,Storm
58.58619374671551,31.770980859554655,67.22863326834155,141.90582545442257,3.8594687534146077,63.8339472971186,0.23157046226355377,0.6677874648916697,Storm
178.40916054554788,21.170376754883826,78.84221353061523,79.42806286618091,2.478686063064464,66.23759318123155,1.1308845481723389,0.6293784291307142,Storm
81.06886436964857,21.20820040758187,68.3142327304477,138.92303198296725,3.2667472821137475,50.48016125342047,1.711423114611666,0.3312583576474301,Storm
75.22946761965149,23.065474887326477,98.04867365374739,125.48126776673573,2.9636848622120966,32.67677093564974,0.133412601979571,0.6561033737995916,Storm
117.71674039355142,33.72819620106007,92.88864352654502,97.34145618175721,4.024944200615749,75.64505453049411,0.9112906721750413,0.6328408847248531,Storm
198.57392294462295,24.1149800686581,97.53401064258445,69.6496017241526,3.172748669481003,68.30220580043563,1.5543919436945082,0.5186644655509245,Storm
126.85621246442119,22.481187147559485,70.34706573255612,85.56120951418725,3.9148297036930986,54.559328325220264,0.9583335248006537,0.7314251032279274,Storm
104.26505986374396,26.291847743208404,74.36901023853943,76.6912265259275,4.263529099329949,57.47136284739618,0.18096728832968012,0.8092032861875276,Storm
177.54105495242936,31.125036198059327,87.68248963208978,143.80533464742706,2.8205793216919917,59.74994860073681,1.4420939387618565,0.43311287857147207,Storm
86.85393837012865,23.74575160519037,85.756207305809,129.82212482603703,4.025997789704123,43.4443173002059,0.0,0.5140870655454683,Storm
115.4174242658411,33.55882033354067,97.25491683922152,148.07236130213607,3.8752272324265418,76.59214569191649,0.9207111065923987,0.3298807719401309,Storm
55.954977659170595,23.326547831338033,71.69815054020617,84.32690628058423,5.280676203744656,38.41910767435947,1.763405499611638,0.6790059471420056,Storm
130.44203929555633,29.122936072068764,76.32341011433607,116.80096209659713,1.7905390269467847,76.51797059404291,0.6638207552056298,0.4205579719017929,Storm
167.7889051579303,29.26757407896218,76.80359289227815,110.23037892065213,2.10818000396923,59.3415122994451,0.7630058438084855,0.3924045166478883,Storm
102.70673635792856,26.061914218674566,70.6302673567482,102.28512265450983,2.082610300925414,42.25494942910288,0.8033907465334406,0.3581994062308291,Storm
152.78921045176156,35.27208062326373,73.1069396056149,142.76710611920458,1.4813707200224733,25.19809379990795,1.6819558053459929,0.668682773625114,Storm
152.99563475223292,20.419010505808878,92.91923551983562,94.50472573942797,1.9365903736195649,33.23535181854633,1.7311786749570017,0.34613369429560603,Storm
183.002212118182,29.799236926532437,90.10027676319926,119.69192793763088,4.191994139898798,37.198952141254175,0.0,0.6108251891122166,Storm
120.10284430431864,21.767513657953003,67.24243171473721,91.24224626476092,1.2145200263559075,34.79183078357354,2.0658352915165428,0.45380588999832183,Storm
213.50392964114013,33.34237948367649,65.42733799447707,127.43313262451174,3.4145388255351827,61.98246067203824,0.5953936987787765,0.45545181638766385,Storm
63.29614619110914,29.1434758594976,98.51342938658401,117.64340537806206,3.802519511009147,80.42578343194539,1.7026479709180105,0.33830209548524637,Storm
185.84438481297846,25.804085242587846,58.816590465412204,112.20993624473141,4.819659219057817,43.07738307790124,0.8422991660343295,0.4010791291582957,Storm
59.69112578974598,20.250318787077624,91.22214853003412,134.91275633438678,1.9525686341974229,38.82128349199442,0.5224894226385495,0.25675479545251156,Storm
140.8940050382722,30.714242428212188,83.35753762892683,97.77333821394087,3.7032281874452577,38.766939169625324,0.0,0.7103770663031981,Storm
86.44516815841725,38.702892512827894,89.11094088329034,32.071272214277016,4.202498615843055,38.65760274659921,5.054140874528205,0.2617337922426971,Earthquake
2.7083394599137662,11.31823561831169,49.55176345592831,30.032213956877907,4.078010644109419,51.54931033367244,6.099730111251342,0.6132724500433172,Earthquake
29.06671062155327,10.563925691029095,45.24651322748039,16.643730247237986,1.6290247891319642,62.16668016519372,9.315563029075667,0.591868705130778,Earthquake
10.164341981672651,34.94651731388166,71.43016487737049,9.449101701871632,3.277720563078206,43.47260146362415,6.860367589913105,0.2424070962724112,Earthquake
49.31209518699618,13.927625254565385,29.59566171600995,16.13315686414238,4.907769814444526,32.82949294600626,6.735172643374162,0.41341668927323394,Earthquake
91.92162469640213,25.888097307561,87.39986956340286,18.97599346848301,0.39610020799610735,48.14228759048475,6.767763947978916,0.6981021808688592,Drought
100.17491163126955,23.829118170212617,87.64906963565743,34.54065336982495,1.3785403237185503,41.35817732616453,5.284632144185103,0.6930914739589823,Earthquake
0.0,19.299222841474503,59.9550758954225,7.611391898568826,0.35901118319419834,58.54867581463724,5.587341441528041,0.5000386508399232,Earthquake
43.91345422556923,17.7984373060067,34.728178141945676,38.499504819147525,4.572463290195485,19.719209390194244,9.59232830922868,0.5257337815156162,Earthquake
62.011718005077114,33.07230553836476,68.56343968477917,38.97704368674836,2.2861051638378713,50.269971599946224,6.694808540286032,0.26182153604103237,Wildfire
35.122906899897316,11.215215409610954,39.29070159378288,11.270247202727905,1.0672981101620675,58.402456267923014,7.894058512129462,0.5172513488076017,Earthquake
4.657297898437952,24.160687193761877,47.10118164748315,32.28985662803141,2.8065914301417942,48.28101788228942,7.976411066651457,0.7551194097363557,Earthquake
72.6454009897598,24.753319226002738,56.64053350769732,1.6409846180969074,4.695424645528248,32.498923300710324,5.820637896768917,0.7495716032787572,Earthquake
77.86366117997588,11.105807872295445,26.907260147902296,0.0,2.9427049699580596,20.8141004413033,9.122413635362372,0.730276772465902,Earthquake
61.052256386292854,29.478144187397014,48.70101596525434,5.865263634352106,3.5658339315740535,10.601006518443487,5.0830605278634,0.3640527989023771,Earthquake
1.1769583342204337,24.49843721906771,76.47918449654652,47.28085636654529,2.7292684539494214,71.4116089759168,6.901278428952848,0.6981630247895213,Earthquake
41.74136057219712,18.389670924464316,86.41852681432017,13.182010942785853,0.0,25.9266287684707,6.870193999379276,0.4190778865691782,Earthquake
62.885288129422506,35.849726577277785,40.91510161805936,22.55550032568137,1.745096374817739,61.73776683950554,5.9164999001118455,0.2723235733606914,Earthquake
42.895084664379375,29.2547865079211,77.09309044799305,33.35083903663965,3.76175422190565,34.35560930651666,5.174627643042683,0.26278592634772213,Earthquake
0.0,21.378143963807744,56.80329379078343,12.41626587415482,2.4757664726311983,44.425580137946035,8.494119502923885,0.6025662491262987,Earthquake
24.79167518508109,18.475307409719747,66.24187005051226,31.22243512571258,1.423632119941267,33.968081004215996,8.559199747844191,0.5814233890274718,Earthquake
7.615425903228945,23.042774282485286,80.26110168131011,0.0,4.382590767148995,20.122927933636877,7.032812110672927,0.4241022818736702,Earthquake
0.0,36.90492461871839,49.88564074965146,49.70666417064988,1.568431393158084,71.4886095414993,9.312969782612795,0.5372110123487998,Flood
15.369394705271436,31.82806595434332,58.08274889542825,48.971088525879296,1.759649226986901,27.013736603515472,5.731773440705143,0.647301754384276,Earthquake
93.42655381365113,10.976756944995657,81.72780170015587,42.98480091878842,0.5192484919626542,19.957073667001133,8.252269943557081,0.6263961029113578,Earthquake
14.992420612386995,35.51904424620817,61.004961100695105,52.17731763113903,3.8943264457280415,67.92930451678836,7.466736977463656,0.3165090894290138,Earthquake
59.30730981804561,13.187972777523774,60.95797184794835,11.809905709678734,2.3948180421370235,10.214306694685813,6.485430729272141,0.3532193961270668,Earthquake
67.82991237755523,33.37433973174515,24.43290552463133,39.519859090511055,4.531699106081242,34.57233712771833,8.48861808700661,0.4331784175676283,Earthquake
12.035302437673439,26.388778246599554,20.07955959871333,40.109442984120484,4.339055411888835,70.26217121491614,8.078343401150756,0.5211727826108589,Earthquake
91.16425799673,16.592959012905734,26.751965285447824,26.84961108986375,1.8842330711068074,30.260251810004775,5.280754337531903,0.5397289563494942,Earthquake
23.86891518299656,14.697814919882067,22.242365052117847,13.760873928247571,4.4273858858951565,28.949296603656823,8.354736471610844,0.670581340301899,Earthquake
31.205968237200942,34.261298414440056,72.80999801010213,24.360542492446985,0.502703325501854,10.942620765361815,10.6870814857719,0.6432886707849708,Earthquake
102.95777477896563,36.89433259206876,25.85020206075724,43.46904754447742,2.676676904833703,67.39723295187144,5.11701098818293,0.3204512785554913,Earthquake
72.0681874715004,33.13398302696907,69.01963038947467,15.339712521601749,1.6528757617682575,76.20780257826398,7.178310387263598,0.44965053791949927,Earthquake
42.05959136744261,22.385775191493526,59.94371471964501,24.437946761310222,4.070688889263919,75.88492612698043,9.550861089399522,0.5736448908931724,Earthquake
35.05923306902521,33.151220614404124,80.95012142341457,35.89947268959846,3.840927772815113,57.33894438719004,8.583160936996835,0.6360358804501531,Earthquake
40.155953500861024,24.708067826989545,65.16273413910385,0.0,4.377569804478971,49.55836780012785,5.87262716823144,0.6936332579545765,Earthquake
61.50702311422297,33.563805374118004,49.723088933067814,40.968176770280486,2.273626820628998,51.3869993254137,5.032786609721254,0.5776173639062551,Earthquake
57.99792345332744,26.741137670243255,52.30068250658159,40.53840404660332,3.5438431694474657,30.39963429966025,9.712602812388424,0.6554341737508541,Earthquake
95.6044781815141,40.192516864874555,81.4767050373104,41.5800713763004,3.122510065863299,21.185009301095796,7.585384765534243,0.6727246583978093,Wildfire
71.34301496325442,35.0110382776912,29.51643321158464,20.032214998292524,2.242764758154058,38.14874847927009,5.784113169565075,0.3615237452499384,Earthquake
84.81631177527055,25.343936345215916,18.20004850323579,0.0,2.6109686336374662,24.44474722406092,9.064561171649576,0.6966329153452095,Earthquake
26.029791942828673,28.08554893741206,36.39632493476246,12.95400344151314,4.283632651647973,47.28263252288829,9.270394815269235,0.2954205060849826,Earthquake
15.762674059777709,24.502463852391394,50.71763382645449,44.85968092287557,0.9533513922881285,74.85241377298289,8.998070110342919,0.5310518899405824,Earthquake
18.01400501650689,24.438718081900852,44.56337889256883,36.35582063829385,2.3516626569983017,74.77152958650584,7.897796819492157,0.5517881882648931,Earthquake
71.08101149571829,24.699772046930057,82.75752618236574,3.944600892950068,4.900959244617903,66.9299753971633,9.521355322369288,0.4381533949861488,Earthquake
78.7161587169226,20.432318842272448,68.44446089633482,8.966218111250248,1.9418989676487093,39.55389526361694,6.41714018473315,0.48431433651981226,Earthquake
86.2714279259409,16.32266481713604,73.1007042908905,6.7214280490834755,3.9399311857243227,69.12790306734111,7.0636232867077355,0.6303591182438232,Earthquake
79.45823728844454,33.654323673855075,46.38857586827542,23.785218698574457,3.679305576517521,26.055494584299147,9.350842563916999,0.37688968302888903,Earthquake
92.11418047629593,13.014657512677736,18.853900591807736,46.26973747499093,4.60752179386555,74.33704082067007,9.516618115896138,0.43849891487822723,Earthquake
43.52757183903275,15.672703666423422,58.687777017579435,11.540975554142374,4.662041543146218,9.095340252336662,5.691154906066587,0.3399839530414227,Earthquake
2.980215699858828,17.862217188161928,66.35103396306694,16.550224258071108,3.2695582334298914,68.42077053115756,7.999736395710687,0.6158798546498548,Earthquake
39.230915970244,16.02767098854145,42.27459906705137,44.96851127085672,2.9973317608009284,30.11549814014314,7.390145024765992,0.6773885039245324,Earthquake
63.791038708298274,26.398828113748667,87.6532617861691,30.7612274239338,3.2918274389584177,20.414104784855656,5.7136854755490765,0.7670527996917123,Earthquake
75.66078116409047,22.642816444352988,56.43983210957894,2.75982408218134,4.523287701102241,29.53631802248151,8.5875584102775,0.5622914241610277,Earthquake
30.12665243472008,10.235194728694985,82.21049806429102,7.960598645582023,0.2583581925390739,61.03474394041637,6.960691185272229,0.4069992009408803,Earthquake
35.13059697225395,35.496665352265154,43.2137237479227,8.455197871730064,2.1427148799513653,20.539793701983346,6.454642908298262,0.247268956203479,Earthquake
15.018985015269136,22.610486676338947,82.927841598791,2.9194803061381602,1.4114990426690501,69.51124388807725,9.113403115147252,0.6290765988859798,Earthquake
27.483023544369843,21.909684887368456,26.51237139422407,6.805730089075948,2.0632623614798673,55.44620749988672,6.812129451834362,0.6112941088137744,Earthquake
52.947997342043294,21.560871892198858,77.05894943321162,46.24297868591488,1.638195672514243,50.7209805297928,6.412041539818166,0.22255878496442033,Earthquake
96.49078710276886,15.167464107424603,48.76251834977418,28.492532340486747,0.7760366656615179,15.077054072964701,6.998039705740067,0.776203985433052,Earthquake
42.96300086559117,21.109789373184274,28.06035131207731,28.83501966670257,0.6416445013532754,50.26052888480819,8.562135678701056,0.4211366908304636,Earthquake
34.110060698137794,10.623630015153015,21.5361705014684,23.06690541450634,4.4264943539994475,26.903372206964228,8.174935652326331,0.6155753119851272,Earthquake
8.721491114148739,15.72166251755997,38.52131778776836,36.06360569634957,2.2873582516820647,61.257164604280256,9.465681697087765,0.6650852733535164,Earthquake
87.48285043879599,33.21529189410141,77.86431966439672,35.63066864018027,3.965771625763979,69.38043250180725,9.545125460931981,0.4919920476139162,Earthquake
55.43052900800888,25.178356067931077,78.09487634856255,21.654286632908423,3.985782402991881,68.40560461212732,9.871025057306667,0.3385242713599448,Earthquake
72.98425478641246,31.613080075938054,86.75744762501428,44.28380581822117,3.020805487814257,45.253597515976324,5.997629839098842,0.7905815080137376,Earthquake
35.95566538240087,32.44935340604897,74.71983340756339,23.064438159184153,0.5227413504640301,23.417149991957924,9.496884145442989,0.4583043672099612,Earthquake
14.733955282538245,31.356049172346296,41.20866762755839,50.957036453811455,1.8861797561646814,26.92225149960229,5.43828973666311,0.5342877421174191,Earthquake
40.494884680599334,33.38677854859058,55.01679301955898,16.323568415683525,0.9729039200518259,30.548153064765504,9.669105119805076,0.2580659914292367,Earthquake
87.21376598597794,19.81129406559635,24.345193883767593,15.22857270663302,0.2676225971564044,65.82947164009003,7.85213201360246,0.3702125647971032,Earthquake
43.31475972110988,30.18532838506216,92.08486082771972,51.626204956761754,3.4900982420809923,60.391712607446145,9.077288919819702,0.4485218455733133,Earthquake
87.28589278641722,12.288792048819351,73.9815444432462,50.13887852787706,0.5224965979002304,72.10202548752851,9.434031187047855,0.3143263712685045,Earthquake
46.39308605847075,39.25369682912518,83.96097096727075,8.47603307404616,1.8642767725434897,56.619616015586686,5.85185305153176,0.39831617538578645,Earthquake
0.0,15.317015584937042,57.47246694227544,28.730713504657675,3.384887766998582,64.56565947388417,7.189135504454807,0.3963224561726627,Earthquake
5.250033351595048,14.977649950798787,46.44640352803276,8.550599250142955,0.6482260823314674,23.846706323522884,8.437891114153866,0.6261981764156814,Earthquake
92.62909464252238,33.66975553094196,64.04909497748012,7.072181375676697,3.174103181143294,17.872353965886408,7.066348852617552,0.47363980982000786,Earthquake
42.59922307432035,19.78771467852876,70.97479309452198,41.55152680931785,4.023664501727879,51.403565250970026,7.817715322896646,0.22066549246496872,Earthquake
79.47956761571484,26.59157465013015,35.86112657791936,13.980657058824141,4.184802042350363,55.16089545866089,7.529187870408763,0.5505882128695214,Earthquake
36.05742816158093,23.624724719492896,37.91385857205078,24.369014846253044,3.2876066936708237,11.411881234936466,8.712870764893141,0.3587024940603035,Earthquake
56.690102181257785,29.357066086279676,64.15711177646857,30.362773081849436,5.226438880831541,45.36397264763766,9.120636053600286,0.6197777551652389,Earthquake
22.068084791128793,19.53046142305132,54.84420095087693,9.173670554488265,1.2772241638185546,37.68348874841387,7.900345071937226,0.3454086821497537,Earthquake
81.14637136935495,23.46135668126516,69.43529619198158,1.9806950173986912,2.2135967592644508,15.631821370278438,8.480175898199718,0.4016582576867985,Earthquake
83.02322480817757,19.548325923063892,61.70976359787241,7.834675770347809,2.9173995026216506,41.256749384756596,6.475571668339604,0.3396898266551907,Earthquake
0.0,12.069211547505837,84.9205258624859,15.503215887742574,0.5623721782353079,82.07731018701165,4.736210479698251,0.40920524954483045,Earthquake
60.2945974146846,38.94754297516631,62.28970146323031,25.673201296637117,4.733712836639257,13.986180817282367,9.709795251837187,0.6994530244126547,Earthquake
101.81403095577446,16.80546353882437,29.741894952183788,34.83952654810048,2.6025005184556926,39.00622306697344,9.239596615932628,0.5558689762751124,Landslide
46.24496886980387,22.9538373736146,31.068909726375132,15.398026726131517,0.5381104860196986,66.63046349866032,8.300188981574797,0.5043492695675887,Earthquake
51.36232856814407,28.65682820273109,77.43563952544623,39.72699052813831,2.3178695738956265,61.81678268838972,7.555942232305779,0.4857822898853062,Earthquake
76.55815475798757,21.090452634951333,49.00741182896806,17.143581959373215,2.602592882678127,49.33227109328968,8.194616839600487,0.46133632484985115,Earthquake
14.198081691170383,35.222188240468576,43.616128897136306,47.96501346486107,0.8264311044715134,49.28335087822287,7.8051194590739446,0.7042505024161898,Earthquake
0.0,38.066681783335845,57.91013149653581,31.345706577294482,2.2902295430944077,12.637998628352442,7.627194362852669,0.3539003357535217,Earthquake
54.35261035576107,28.949809991980974,56.29194645310539,7.138916649488101,0.3168645069298664,30.384017035804103,5.843300995876488,0.582540671283297,Earthquake
12.486405861010603,36.96089942853889,33.535300023879685,6.581824624000341,4.178566429576067,29.452773880336544,6.871128104895533,0.7687861371096201,Earthquake
94.02633853487173,33.0160434736195,20.650901447013087,29.90093610505712,4.838220078725472,77.75314522069714,5.709250491288066,0.4068263609814687,Earthquake
26.349336348193344,14.002652500683617,67.67566617874024,11.068885367856042,1.4616388856307487,26.708447324095637,7.224547541252748,0.3168974854781703,Earthquake
45.04051016263722,13.498125526767332,90.96610769223423,10.860173867939494,2.5105555607901664,27.525455708879843,5.435052555490505,0.29369943704412127,Earthquake
0.0,13.896775226544532,46.84622711877722,23.7925919742762,0.47418310406205827,41.9227802382203,7.942152360756037,0.38199362433541434,Earthquake
30.424024025580326,11.246755248039397,33.31475274108351,19.855546186417556,4.837359855597266,81.49231282813197,10.093721960578105,0.420401651791813,Earthquake
0.0,20.46214820304576,36.63148322973533,1.079115526832762,0.6965552050799338,41.2213508424451,6.332234394765344,0.2824532442417734,Earthquake
217.35698816615525,20.984021343432666,90.86214168278137,18.424797085735147,5.626601751600178,78.39890755019636,2.2366373991800677,0.589762883965554,Landslide
135.098318844443,24.45620191687311,83.10478164733001,19.558221499379407,7.939600625746792,67.53868593438312,2.489069993429347,0.7911243773338167,Landslide
158.19197437070787,20.83595739936215,72.02691476166196,42.759022070793385,4.159117303918066,76.46499797943076,1.326967488362404,0.9485711885986552,Drought
269.90005187464175,27.222986793825747,90.59343394719684,48.09974763397925,5.179875725277143,94.9115737545745,2.048324348406039,0.6872703521749675,Landslide
245.12338723471254,22.8700801995281,71.14895583719739,27.7021853947417,4.899104980538255,97.08758432442559,1.7213606994092587,0.9468878835922296,Landslide
198.86330017248596,26.005838170593425,72.06751421274943,53.39150242391013,5.452480598655139,82.29228005526495,0.37455197871845525,0.670163548034416,Landslide
172.55468548227458,24.8803602490086,98.10463948124817,42.09037913770909,6.118922607904491,79.24903686844267,3.610637585562871,0.8866502823877546,Landslide
164.54496810432605,28.492135467873503,80.29738122812361,51.362676069497184,8.238791611788486,91.36669558008624,0.5605646537823228,0.8257217937129473,Landslide
117.94753501151823,26.49549066161479,76.63408480115639,42.43429044412597,7.408794116176435,77.0119052202546,1.672762375473145,0.7994802720604647,Landslide
192.59945828116392,18.328780890848584,67.8620129346692,26.01076112198896,6.418056585241175,85.35091234209551,0.21635253715056557,0.7391757992971548,Landslide
170.7525539833376,17.228234782639262,93.81472964261597,24.062930281307025,5.5226839266026895,98.44315732148537,2.0359018192587874,0.8579837063707475,Flood
89.22455526630824,17.222382406333946,68.18605578926224,44.13637819829421,7.028972693488317,78.24263326234713,0.9411936065819094,0.6588836912597676,Landslide
217.8705419785896,25.135936289699586,94.40481749178758,54.293581038007744,4.256681617752742,90.73377211055242,1.7892161688307888,0.6300985521942962,Landslide
282.1523617591721,14.468009858804649,92.56495228570851,45.52915141911318,8.058088975715437,84.12466640418245,1.6274842261676365,0.902719277521705,Landslide
241.31229716892526,22.359333443014318,92.26301660774102,20.838449387020184,6.347940387714788,99.39580440164953,1.4954172169591804,0.7137418929782013,Landslide
295.3940551441379,27.001356054653627,98.5422189019113,31.416383834028498,8.375474698457934,80.03201513494633,2.420030794187374,0.7556874133606027,Landslide
272.66624397403194,28.72225218221651,87.59338886538656,44.87454745179187,4.802669809254794,86.03790450203434,2.2040857202726176,0.4971670673550455,Landslide
187.96717111782004,29.476530856644438,90.6894281724437,43.23500551462035,5.1142741232317555,89.5928445831978,0.23678091214214939,0.645187843551379,Landslide
203.14965420142065,18.802901842013977,67.32411130709589,50.91631181678883,5.083517190163014,83.71157507627319,0.901104095165688,0.7499046653290765,Landslide
197.09023487993412,21.487825053352513,87.18168269738861,10.548015686570409,7.373862986379206,68.13150038340207,1.8581222689381576,0.5851743225959107,Landslide
194.36399043821044,18.798046743981327,93.68163921334889,30.738229879520134,6.163496451912977,80.38359793592551,0.09304678265591128,0.7191353730589802,Landslide
202.45205536120577,21.92926453757206,95.04600027879135,40.45025084745664,8.040764357829772,82.82839151827729,3.5532988586571257,0.7955270446939974,Landslide
210.39789386287072,28.96043234039466,86.16452585070405,47.55749240491812,6.663587363539149,78.16927325994808,2.5374685763267157,0.7485561135633093,Landslide
277.4313318835531,25.71059923431524,74.04881675268304,23.107324897043355,3.0772422800391053,84.59246671684528,0.322458350981755,0.8767440267619555,Earthquake
209.92490836687406,26.81044780636738,75.85728330386237,36.78647952925263,3.5089000002455064,105.57399475862745,0.6932510112632841,0.5525378572262033,Landslide
153.76275384759847,26.835725208362582,69.09602517394286,44.98093934808814,6.9290735986258305,94.78933197988809,0.7850342308822196,0.556675231869215,Landslide
182.7747029420651,19.52671895953678,91.26811143735728,30.105881027757302,5.650043257197339,73.62186903764109,2.103277671588749,0.5648580122193163,Landslide
218.79673708038058,15.491795662681232,100.45577267114189,40.16808582222919,4.0538722692143505,66.55058369994264,1.476633410331956,0.6197717477619148,Landslide
109.29757366782432,27.545360208746768,87.56619154118943,18.394089642557503,5.655204781479921,74.95880345559318,4.030552932080559,0.47257095658615167,Landslide
239.14316414920438,25.35052589979027,67.66659246067059,18.813573777069312,5.410736132450253,94.09445770629308,1.871706031343981,0.7930443733299519,Landslide
242.23993911240873,28.629056502733363,87.90965209247426,35.43722419108758,6.830658420578589,73.84649212088537,2.99421736461737,0.5317244405361095,Landslide
141.18360916304525,27.334513531895247,79.94211601918015,17.052996059146587,3.8772452965635194,91.75993937371294,3.54548483056999,0.5389270390288801,Landslide
108.60477426713838,22.70316812207384,103.2247452346826,26.50356491824801,7.449475484829084,99.27185212643384,0.8689355498087277,0.9014139861636937,Landslide
219.82018283126993,23.100664187784258,82.24479821252362,47.66071834485108,6.454111013787299,85.8652311627466,4.071801276515938,0.7689504740811005,Landslide
265.34621762061215,27.295614854439926,79.2965982521991,8.500416650072198,5.466612227435169,95.94821366710991,1.0893114028758935,0.8956353766840734,Landslide
99.15588335350095,20.517568293723034,82.9649235496564,14.762423383054209,7.743598060339866,75.73383061210863,3.6930806599034063,0.601136469400948,Landslide
296.0870998236418,23.180800742633775,71.25081374345316,14.223393748575399,3.2999419537018264,87.92923161676126,2.9774870480419118,0.7265536106195578,Landslide
183.27455738825108,24.265888055605302,84.4283631604107,42.10217790583281,5.462047946107301,100.57446218332464,3.7642814999256196,0.6822860592844557,Landslide
112.94518275729287,17.963618298899124,92.26289403127168,26.335160754055938,7.4183235423508,86.69422335909506,2.267343130625991,0.8555648116713471,Landslide
158.219667245896,29.62411132177118,68.14201770588863,44.055816466039296,7.978970839786186,99.22060338439432,2.7918212837009673,0.702418020145834,Landslide
266.8949995800284,22.464841695627,84.43216160671473,15.128819434380887,3.7750132984028304,86.25264680050137,0.4821955889333238,0.8979162861215325,Landslide
280.59680890711667,29.91787302656753,71.21387020408449,55.16715559835529,3.0865586163032295,91.7199241083376,3.5145789384244437,0.5214434039682506,Landslide
104.02596260143824,16.165712213458782,82.79289522637572,40.79244600038336,3.9770948722803645,63.96976499028202,2.4742336043006907,0.6573586712782213,Landslide
247.55926320978253,28.196253205027972,92.7938021939865,49.451002629517305,5.386693601774905,95.77808026199575,0.545066306493015,0.5389163981958367,Landslide
237.04417861900487,15.99943109649211,93.4368849633846,44.233582015074525,7.748747703279439,86.21286811538216,1.7752672797099844,0.8989714433193212,Landslide
145.59887049405418,24.35564396518553,86.57901811286082,60.701822536110114,7.0282240152727775,75.58442984481349,1.6989206162041894,0.7963225187521017,Landslide
116.18057492228094,20.913414545121455,80.86631530384845,12.565681562410187,5.620982421069401,71.18784487029741,2.3190830446995374,0.5868156197513712,Landslide
263.99134139245245,18.32639270574792,89.43064840543855,12.920924603855111,5.930723864548521,73.8273695357077,1.1960177079508836,0.7520749313410603,Landslide
278.715817543143,28.58651056582791,81.33854355451207,16.108455491674263,6.3221906259525085,84.89165570589313,1.0355199697623658,0.840013270674068,Landslide
189.57661583070774,25.119121410368823,83.83077847533794,33.44477435061825,3.886116258225991,88.74756709731098,0.821259696775774,0.8734404909664388,Landslide
248.8501343131952,25.543160880596368,73.6189981056991,19.07065386846606,5.56200266667622,83.40441456566613,3.3732383448905865,0.7177592051219492,Landslide
263.35177263736404,17.534176795540635,75.64753359075438,11.736284074271817,6.802917199803291,80.18065270934898,1.4653218961592531,0.8899767512659604,Landslide
190.28204539845478,15.642942256964552,65.15461066700587,34.73701137764025,4.558666350083166,75.41738317203337,2.1061675079441855,0.6010507070249208,Landslide
222.40075573058743,20.203135208739614,75.08295654137152,18.3731959312407,4.095381778473924,67.87637062231695,1.419527742717612,0.9597526221873434,Landslide
282.698296592179,19.836604805036803,87.363158822591,35.76692445194629,7.080764566663009,73.35189963168528,1.2976800694061907,0.7039097758706591,Landslide
112.40735624785972,19.66200841534646,91.13212257376344,56.20944866931439,3.4341179222745017,79.19939488505949,1.2088825475809348,0.6892182672797229,Landslide
227.99351719799876,14.852454783201425,98.78403382580774,54.42694394638458,6.445437876153569,91.64538457381846,1.8627373361900479,0.6680260900252942,Landslide
125.22165436072872,23.793814809133213,76.76168319804611,49.66048860195294,4.8100432131892585,83.38720464876336,1.0659643606625282,0.9738927189540827,Landslide
137.85875593754852,16.58885814581767,72.82125895927682,34.38926375907225,7.948471692228596,74.423886666755,3.343495513502896,0.6114253185571217,Landslide
219.44748923110026,16.415029648334343,83.6478270212213,40.26648445226107,5.793768149672675,82.71996743706067,3.377289974253011,1.040039664465635,Landslide
192.07419302632957,24.783224305654564,99.49027267102086,18.131172784529777,7.268445809095035,75.4316682768288,3.347024637617232,0.5475018554205837,Landslide
169.42244369318183,21.734624932100502,86.73270524328055,54.11119528994219,8.167437079560989,71.10169663190196,0.8379087575032688,0.7090862069251658,Landslide
203.5862530241806,23.720780433136596,96.62351746909889,45.90104898764239,2.9251381667930545,84.35388579106937,2.543936783605825,0.6942897881424702,Landslide
137.28642473135582,20.212385080654386,82.8873354485748,20.54254058402054,7.023484314260117,76.10191532290847,2.210923668615693,0.7164769938272351,Landslide
271.0269919320439,16.52579449191185,66.80927563133908,26.005224921647216,5.518785428353207,80.3739013026845,3.737818941860989,0.5590761482107367,Landslide
126.93476763449443,22.243675369776497,89.80337732854201,51.21739386963732,6.508455823180821,82.04860594815885,3.2194325510404207,0.8666458135900234,Landslide
162.73141091933462,22.546276947652032,97.35097364730146,26.5735335137514,6.104574692442383,81.660790773696,2.2286021105821594,0.610804058614453,Landslide
239.40598515614465,29.84256363436302,70.42285104213751,35.86106664196297,2.8365746505097746,76.11854940642796,4.153925194403194,0.7753277577755141,Landslide
155.90298964823026,17.02734669227805,102.90804567904138,21.116318981750744,6.703060037375434,79.05573398877539,0.48989273880394285,0.831586831689521,Landslide
103.41346588997514,22.533954202791623,79.51655956399028,42.99227414193214,7.411438892057285,93.08221003668282,0.0,0.8334487939701185,Landslide
300.7002635111978,18.840879658779695,75.27759987043335,48.51460568424225,3.7188372064620117,88.076874781914,3.2144514971812788,0.5228781536273394,Landslide
203.4032687548352,22.34491901339932,81.54665479416634,54.76070323190389,3.801579788506286,83.6672322639904,2.9649547099487696,0.6038235438485589,Landslide
253.0030994662528,16.259124216976815,86.34289316290433,15.460187336649735,5.914884392538977,93.31504793977987,3.081797322988325,0.9443838205116518,Wildfire
225.52007719176996,25.776846085689193,91.36927262945885,55.10147217201652,6.028670716998198,93.10856489973742,0.9985983707242663,0.7955482839077698,Landslide
258.52703118709064,17.769765217760163,76.83805075953673,58.58767593181778,5.4113035880136255,80.47543893479902,1.4214692700980622,0.695444782969319,Landslide
226.07141537692877,29.10580189129548,100.0833781582557,42.07395407355632,6.791386907328763,80.68417423306455,3.376158148201822,0.6350561320613117,Landslide
139.5476144143419,29.6886772148435,92.26801464426583,16.43138150596116,6.618447986203219,87.69545171481052,1.5445732511288324,0.7011534752025299,Landslide
107.55544561000937,23.011314062324022,89.67543015705007,37.44240643798963,4.406044486307862,97.43860821471745,2.4140827626251022,0.9991869129470088,Landslide
126.47417715854355,23.91499276542804,88.26751927827038,27.036215220334523,3.9147155749201725,75.09554514414222,1.4288481400666004,0.694727504125068,Landslide
182.69056584111522,18.877287935700846,89.84724179398025,14.173109337674601,4.588453345581957,92.22063020810312,0.8062723533641276,0.5827049007519413,Landslide
160.1596245792748,14.39703130121731,85.4032399333967,15.346944910189126,4.869899935867464,101.45835713217983,3.7655172292695505,0.561583555119635,Landslide
156.10513635304702,23.018064607935678,96.73229267986588,52.54311529964505,3.4284794152951483,75.40983193379478,1.4817174213447093,0.9697049572332199,Landslide
293.81833963776586,15.651826278021044,88.68478690277438,21.591248476913574,6.410052828291734,99.76671803125997,1.5018111896567183,0.49540144526965485,Landslide
227.81318907326974,21.375510979818447,94.0687081504391,27.07324023450952,7.351631775823407,75.90341157222471,0.8278218499944241,0.6676706958505658,Landslide
119.91210104888675,19.517809650854996,95.09859493709452,15.25636340983721,3.4561282123942916,80.3306630731565,0.1967801512718808,0.9164501449605447,Landslide
291.1641494137685,14.097881698106024,96.54781055257767,48.90472914894938,7.926840200964996,82.72813210371442,0.5878950210389835,0.7275694941103743,Landslide
282.36122022781103,26.216271543972542,87.37296795618651,16.800027834934518,6.57921840510757,98.54908868251997,1.699058727579024,0.8128930173729525,Landslide
190.04948866880568,23.198983159997553,93.71092361157498,53.03579078211296,7.9650991483566225,77.17318887887062,1.258542065312196,0.6671280096478371,Landslide
120.19061909840008,19.25612723856429,70.32614827997958,30.2179517522523,3.7958523469491285,75.20261560853983,3.1632758976437905,0.6498344735880401,Landslide
192.8328053853884,29.125313069462266,86.3146018532594,21.057920363835592,5.012641120570089,84.32676836327863,1.987939834140078,0.5828648553220298,Landslide
201.84761224013408,23.086113577070567,78.61982159740829,38.21878421798394,3.279952262209659,74.64877465359278,2.7056163490004237,0.6248782172089274,Landslide
232.6986789793425,21.295746161530943,75.07336844577769,55.88998503879062,4.678125900882145,76.13255303874418,3.646704821031987,0.893337031691461,Landslide
244.58877698890595,16.51306147780924,77.87384450792895,44.81241931413055,4.115106879794617,78.11549028414557,3.354095582924011,0.607622464676049,Landslide
110.00623344931043,15.396410918865264,81.91789635207185,37.33192480313525,6.941255122335673,74.23373986574943,0.6554189547102439,0.7757029425314204,Landslide
168.49242182416702,22.747590986973613,98.06447382152297,32.57188406467059,4.896328510273908,102.06768975550234,0.5238521754535717,0.941182718912048,Landslide
183.23602633260194,21.158178950772072,98.9633249028133,34.73000378364396,5.378032585524848,86.51844738631327,2.6391251780070695,0.7856727929208875,Landslide
160.7331832665997,25.73158465584726,89.26782896877015,26.406767019862865,3.1168098254107353,79.36189783185822,0.08727886281674951,0.5438309913988435,Landslide
185.32393355381222,14.632057179459364,75.06203205901785,47.71837771988156,4.56704621557527,97.12709652579228,3.7639928961716222,0.8196528709919805,Landslide
302.75358216593605,27.6456345614137,80.60433273010639,46.595752096311855,3.7949165507984315,94.11616765427866,1.8566171744664681,0.485933839334296,Landslide
151.18635954007527,28.71514885688916,75.76934139866917,18.6783115208509,3.642790839566027,82.43884619510364,3.940788247294296,0.874675546008761,Landslide
